<?xml version="1.0" encoding="UTF-8"?>
<beans xmlns="http://www.springframework.org/schema/beans"
	xmlns:xsi="http://www.w3.org/2001/XMLSchema-instance"
	xmlns:aop="http://www.springframework.org/schema/aop"
	xmlns:context="http://www.springframework.org/schema/context"
	xmlns:tx="http://www.springframework.org/schema/tx"
	xsi:schemaLocation="http://www.springframework.org/schema/beans http://www.springframework.org/schema/beans/spring-beans.xsd
		http://www.springframework.org/schema/context http://www.springframework.org/schema/context/spring-context-4.1.xsd
		http://www.springframework.org/schema/aop http://www.springframework.org/schema/aop/spring-aop-4.1.xsd
		http://www.springframework.org/schema/tx http://www.springframework.org/schema/tx/spring-tx-4.1.xsd">

<context:component-scan base-package="service"/>

<bean id="dataSource"
	class="org.springframework.jdbc.datasource.DriverManagerDataSource">
	<property name="driverClassName" value="com.mysql.jdbc.Driver"></property>
	<property name="url" value="jdbc:mysql://localhost:3306/shareability"></property>
	<property name="username" value="root"></property>
	<property name="password" value="mysql"></property>
</bean>

<bean id="sqlSessionFactory" class="org.mybatis.spring.SqlSessionFactoryBean">
	<property name="dataSource" ref="dataSource"></property>
	<property name="typeAliasesPackage" value="model"></property>
	<property name="mapperLocations" value="classpath*:dao/mapper/**/*.xml"></property>
</bean>

<bean id="memberDao" class="org.mybatis.spring.mapper.MapperFactoryBean">
	<property name="sqlSessionFactory" ref="sqlSessionFactory"/>
	<property name="mapperInterface" value="dao.MemberDao"></property>
</bean>

<bean id="boardDao" class="org.mybatis.spring.mapper.MapperFactoryBean">
	<property name="sqlSessionFactory" ref="sqlSessionFactory"/>
	<property name="mapperInterface" value="dao.BoardDao"></property>
</bean>

<bean id="noticeDao" class="org.mybatis.spring.mapper.MapperFactoryBean">
	<property name="sqlSessionFactory" ref="sqlSessionFactory"/>
	<property name="mapperInterface" value="dao.NoticeDao"></property>
</bean>

<bean id="QnADao" class="org.mybatis.spring.mapper.MapperFactoryBean">
	<property name="sqlSessionFactory" ref="sqlSessionFactory"/>
	<property name="mapperInterface" value="dao.QnADao"></property>
</bean>

<bean id="AnswerDao" class="org.mybatis.spring.mapper.MapperFactoryBean">
	<property name="sqlSessionFactory" ref="sqlSessionFactory"/>
	<property name="mapperInterface" value="dao.AnswerDao"></property>
</bean>

<bean id="dealDao" class="org.mybatis.spring.mapper.MapperFactoryBean">
	<property name="sqlSessionFactory" ref="sqlSessionFactory"/>
	<property name="mapperInterface" value="dao.DealDao"></property>
</bean>

<bean id="ReportDao" class="org.mybatis.spring.mapper.MapperFactoryBean">
	<property name="sqlSessionFactory" ref="sqlSessionFactory"/>
	<property name="mapperInterface" value="dao.ReportDao"></property>
</bean>

<!-- email 연동 관련 추가예정
<bean id="EmailInfoDao" class="org.mybatis.spring.mapper.MapperFactoryBean">
	<property name="sqlSessionFactory" ref="sqlSessionFactory"/>
	<property name="mapperInterface" value="dao.EmailInfoDao"></property>
</bean>

 -->
 




</beans>
