<?xml version="1.0" encoding="UTF-8"?>
<beans xmlns="http://www.springframework.org/schema/beans"
	xmlns:xsi="http://www.w3.org/2001/XMLSchema-instance"
	xmlns:context="http://www.springframework.org/schema/context"
	xmlns:aop="http://www.springframework.org/schema/aop"
	xmlns:mvc="http://www.springframework.org/schema/mvc"
	xsi:schemaLocation="http://www.springframework.org/schema/mvc http://www.springframework.org/schema/mvc/spring-mvc-4.1.xsd
		http://www.springframework.org/schema/beans http://www.springframework.org/schema/beans/spring-beans.xsd
		http://www.springframework.org/schema/context http://www.springframework.org/schema/context/spring-context-4.1.xsd
		http://www.springframework.org/schema/aop http://www.springframework.org/schema/aop/spring-aop-4.1.xsd">

<context:component-scan base-package="controller"></context:component-scan>

<!--  로그인 관련 -->
<bean id="googleConnectionFactory" class="org.springframework.social.google.connect.GoogleConnectionFactory">
	<constructor-arg value="213529835589-o9bu7h0nedcukofo2mldo1o2mpetsorh.apps.googleusercontent.com"/>
	<constructor-arg value="AIzaSyD5LfWE3vJyXyCeKv4UoI4NPXV859Z-6rk"/>
</bean>

<bean id="googleOAuth2Parameters" class="org.springframework.social.oauth2.OAuth2Parameters">
	<property name="scope" value="http://www.googleapis.com/auth/plus.login"/>
	<property name="redirectUri" value="http://localhost:8080/FinalProject/member/googleSignInCallback"></property>
</bean>


<!-- <bean id="MemberController" class="controller.MemberController"> -->
<!-- 	<property name="googleConnectionFactory" ref="googleConnectionFactory"/> -->
<!-- 	<property name="googleOAuth2Parameters" ref="googleOAuth2Parameters"></property> -->
<!-- </bean> -->

<!--  로그인 관련 -->


<bean class="org.springframework.web.servlet.view.InternalResourceViewResolver">
	<property name="suffix" value=".jsp"></property>
	<property name="order" value="1"></property>
</bean>


	<!-- 업로드 -->
	<bean id="multipartResolver" class="org.springframework.web.multipart.commons.CommonsMultipartResolver"/>

	
	<!-- 다운로드 -->
	<bean class="org.springframework.web.servlet.view.BeanNameViewResolver">
		<property name="order" value="0"/>
	</bean>

</beans>
