<?xml version="1.0" encoding="UTF-8"?>
<!DOCTYPE mapper
 PUBLIC "-//mybatis.org//DTD Mapper 3.0//EN"
 "http://mybatis.org/dtd/mybatis-3-mapper.dtd">
  
  <mapper namespace="dao.AnswerDao">
  <insert id="insertAnswer">
  	insert into answer values(0,#{qna_no},sysdate(),#{content},#{writer})
  </insert>
  
  <select id="selectOneAnswer" parameterType="int" resultType="Answer">
  	select * from answer where qna_no=#{no}
  </select>
  
  <update id="updateAnswer" parameterType="java.util.HashMap">
  	update answer set content=#{content} where qna_no=#{qna_no}
  </update>
  
  <delete id="deleteAnswer" parameterType="int">
  	delete from answer where qna_no=#{no}
  </delete>
  </mapper>
 